Dates,Item:  165,Item:  969,Item: 2653,Item: 2654,Item: 2692,Item: 2695,Item: 2697,Item: 2765,Item: 2767,Item: 2806,Item: 2808
11.01.2005,,2,4,,,,,,,,
12.01.2005,,5,8,,,,,,,,
13.01.2005,,2,20,,,,,,,,
14.01.2005,,42,14,,,,,,,,
15.01.2005,,,23,,,,,,,,
16.01.2005,,8,11,,,,,,,,
17.01.2005,,3,9,,,,,,,,
18.01.2005,,,11,,,,,,,,
19.01.2005,,6,12,,,,,,,,
20.01.2005,,3,19,,,,,,,,
21.01.2005,,14,6,,,,,,,,
22.01.2005,,19,15,,,,,,,,
23.01.2005,,,11,,,,,,,,
24.01.2005,,2,12,,,,,,,,
25.01.2005,,,8,,,,,,,,
26.01.2005,,9,4,,,,,,,,
27.01.2005,,,13,,,,,,,,
28.01.2005,,1,8,,,,,,,,
29.01.2005,,8,13,,,,,,,,
30.01.2005,,13,15,,,,,,,,
31.01.2005,,,13,,,,,,,,
01.02.2005,,3,17,,,,,,,,
02.02.2005,,5,10,,,,,,,,
03.02.2005,,,18,,,,,,,,
04.02.2005,,2,10,,,,,,,,
05.02.2005,,3,20,,,,,,,,
06.02.2005,,32,36,,,,,,,,
07.02.2005,,4,14,,,,,,,,
08.02.2005,,44,4,,,,,,,,
09.02.2005,,5,12,,,,,,,,
10.02.2005,,5,9,,,,,,,,
11.02.2005,,11,11,,,,,,,,
12.02.2005,,2,4,,,,,,,,
13.02.2005,,4,,,,,,,,,
14.02.2005,,9,,,,,,,,,
15.02.2005,,7,,,,,,,,,
16.02.2005,,43,,,,,,,,,
17.02.2005,,,15,,,,,,,,
18.02.2005,,,19,,,,,,,,
19.02.2005,,17,33,,,,,,,,
20.02.2005,,1,24,,,,,,,,
21.02.2005,,1,21,,,,,,,,
22.02.2005,,15,8,,,,,,,,
23.02.2005,,11,8,,,,,,,,
24.02.2005,,3,14,,,,,,,,
25.02.2005,,27,12,,,,,,,,
26.02.2005,,7,22,,,,,,,,
27.02.2005,,6,10,,,,,,,,
28.02.2005,,8,9,,,,,,,,
01.03.2005,,,10,,,,,,,,
02.03.2005,,13,6,,,,,,,,
03.03.2005,,61,10,,,,,,,,
04.03.2005,,1,12,,,,,,,,
05.03.2005,,9,9,,,,,,,,
06.03.2005,,,,,,,,,,,
07.03.2005,,9,1,,,,,,,,
08.03.2005,,14,,,,,,,,,
09.03.2005,,1,,,,,,,,,
10.03.2005,,,,,,,,,,,
11.03.2005,,1,0,,,,,,,,
12.03.2005,,2,,,,,,,,,
13.03.2005,,,,,,,,,,,
14.03.2005,,3,11,,,,,,,,
15.03.2005,,5,9,,,,,,,,
16.03.2005,,10,17,,,,,,,,
17.03.2005,,5,11,,,,,,,,
18.03.2005,,4,11,,,,,,,,
19.03.2005,,20,27,,,,,,,,
20.03.2005,,10,14,,,,,,,,
21.03.2005,,,,,,,,,,,
22.03.2005,,1,0,,,,,,,,
23.03.2005,,1,5,,,,,,,,
24.03.2005,,1,10,,,,,,,,
25.03.2005,,6,4,,,,,,,,
26.03.2005,,24,27,,,,,,,,
27.03.2005,,5,12,,,,,,,,
28.03.2005,,5,17,,,,,,,,
29.03.2005,,,6,,,,,,,,
30.03.2005,,,,,,,,,,,
31.03.2005,,,,,,,,,,,
01.04.2005,,,0,,,,,,,,
02.04.2005,,,0,,,,,,,,
03.04.2005,,,,,,,,,,,
04.04.2005,,,,,,,,,,,
05.04.2005,,0,,,,,,,,,
06.04.2005,,,,,,,,,,,
07.04.2005,,,0,,,,,,,,
08.04.2005,,,0,,,,,,,,
09.04.2005,,,,,,,,,,0,
10.04.2005,,,,,,0,,0,,,
11.04.2005,,0,0,,,,,,,,
12.04.2005,,,,,,,,,,,
13.04.2005,,,0,,,0,,0,,,0
14.04.2005,,,,,,,,,,,
15.04.2005,,0,0,,,0,,,,,
16.04.2005,,,0,,,,,,,,0
17.04.2005,,,,,,,,,,,
18.04.2005,,,0,,,,,,,,
19.04.2005,,,,0,,,0,,,,
20.04.2005,,,,,,,,,,,
21.04.2005,,,,,,,,,,0,0
22.04.2005,,0,,,,,,,,,
23.04.2005,,,,,,,,,,,
24.04.2005,,,0,0,,,,,,,
25.04.2005,,,,,,,,,,,
26.04.2005,,,0,0,,,0,,,,
27.04.2005,,,,,,,,,,,
28.04.2005,,,,,,,,,,,
29.04.2005,,,6,,,1,,0,,0,0
30.04.2005,,,0,,,,,,,,
01.05.2005,,,,,,,,,,,
02.05.2005,,,0,,,,,,,,
03.05.2005,,,0,,,,,,,,
04.05.2005,,,0,0,,,,0,,,
05.05.2005,,0,,,,,,,,,
06.05.2005,,,0,,,,,,,,0
07.05.2005,,,,,,,,,,0,
08.05.2005,,,,,,,,,,,
09.05.2005,,0,,,,,,,,,
10.05.2005,,0,,,,,,,,,
11.05.2005,,,,,,,,0,,,
12.05.2005,,0,,,,,,,,,
13.05.2005,,,,,,,,,,,0
14.05.2005,,,,,,,,,,,
15.05.2005,,,,,,,,,,,
16.05.2005,,,,,,,,,,,
17.05.2005,,,0,,,,,,,,
18.05.2005,,,0,,,,,,,0,
19.05.2005,,,0,,,,,0,,,
20.05.2005,,,,,,,,,,,0
21.05.2005,,,0,,,,,,,,0
22.05.2005,,,,,,,,,,,
23.05.2005,,,0,,,,,,,,
24.05.2005,,,0,,,,,,,,
25.05.2005,,,0,,,,,,,,
26.05.2005,,,0,,,,,,,0,0
27.05.2005,,,,0,,,,,,,
28.05.2005,,,0,,,,,,,,
29.05.2005,,,,,,,,,,,
30.05.2005,,,0,,,,,,,,
31.05.2005,,,,,,,,0,,0,0
01.06.2005,,,,,,,,0,,,0
02.06.2005,,,,,,,,,,,
03.06.2005,,,0,,,,,,,,
04.06.2005,,,0,,,,,0,,,
05.06.2005,,,0,,0,,,,,,
06.06.2005,,,0,,,,0,,,,
07.06.2005,,,,,,,0,,,,
08.06.2005,,,0,,,,,,,,
09.06.2005,,,0,,,,,,,0,
10.06.2005,,,0,,,,0,,,,
11.06.2005,,,0,,,,0,,,,
12.06.2005,,,,,,,,,,0,0
13.06.2005,,,,,,,,,,,
14.06.2005,,,0,,,,,,,,
15.06.2005,,,,,,,,,,,
16.06.2005,,,,,,,,,,,
17.06.2005,,,,,,,,,,,
18.06.2005,,0,0,,,,,,,0,
19.06.2005,,,,,,,,,,,
20.06.2005,,0,0,0,,,0,0,,,
21.06.2005,,,0,,,,0,,,,
22.06.2005,,,0,,,,,,,,
23.06.2005,,,0,,,,,,,0,
24.06.2005,,,,,,,,,,,
25.06.2005,,0,0,,,,,,,0,
26.06.2005,,0,,,,,,,,,
27.06.2005,,0,,0,,,0,0,,,
28.06.2005,,,,,,,,,,,
29.06.2005,,0,,,,,,,,0,0
30.06.2005,,,0,,,,,,,,
01.07.2005,,0,0,,,,,,,0,
02.07.2005,,,,,,,,,,,
03.07.2005,,0,0,,,,,,,0,
04.07.2005,,,,,,,,,,,
05.07.2005,,,,,,,,,,,
06.07.2005,,,0,,,,,,,,
07.07.2005,,,0,,,,,,,0,0
08.07.2005,,,0,,,,,,,,
09.07.2005,,,,,,,,,,,
10.07.2005,,,0,,,,,,,0,
11.07.2005,,,,,,,,,,0,
12.07.2005,,,,,,,,,,,0
13.07.2005,,0,0,,,,,,,,
14.07.2005,,,,0,,,0,0,,0,
15.07.2005,,,0,,,,0,,,,
16.07.2005,,0,,,,,,,,,
17.07.2005,,,0,,,,,0,,,
18.07.2005,,,0,,,,,,,,0
19.07.2005,,,0,0,,0,,0,,,
20.07.2005,,,0,,,,,,,,
21.07.2005,,0,,,,0,0,,,,0
22.07.2005,,,0,,,,,,,,
23.07.2005,,,0,0,,,,,,,
24.07.2005,,,,,,,,,,0,
25.07.2005,,,0,,,,0,,,0,0
26.07.2005,,,,,,,,0,,,
27.07.2005,,,,,,,,,,,
28.07.2005,,,0,,,,,0,,0,0
29.07.2005,,,0,,,,,,,,
30.07.2005,,,0,,,,,,,,
31.07.2005,,,0,,,,,,,,
01.08.2005,,,,,,,,0,,,
02.08.2005,,,0,,,,,,,,
03.08.2005,,,,,,,,,,,
04.08.2005,,0,0,,,,,,,,
05.08.2005,,,,,,,,,,,
06.08.2005,,,0,,,,,,,,
07.08.2005,,,0,,,0,,,,0,0
08.08.2005,,0,,,,,,0,,0,
09.08.2005,,,0,,,,,,,,
10.08.2005,,,0,,,0,,0,,0,
11.08.2005,,,0,,,,0,0,,,
12.08.2005,,0,,,,,,,,,
13.08.2005,,,,,,,,,,0,
14.08.2005,,,,,,,,,,,
15.08.2005,,,,,,,,,,,
16.08.2005,,,,,,,,,,,
17.08.2005,,,,,,,,,,,
18.08.2005,,,,0,,0,0,,,,
19.08.2005,,,,,,,,,,,
20.08.2005,,0,0,,,,,,,0,0
21.08.2005,,,0,,,,,,,,0
22.08.2005,,,,,,,,,,,
23.08.2005,,,0,,,,,,,0,
24.08.2005,,,,0,,,,,,,
25.08.2005,,,,,,,,,,,
26.08.2005,,0,,,,,,,,,0
27.08.2005,,,0,,,,0,0,,,
28.08.2005,,0,0,,,,,0,,,0
29.08.2005,,,0,,,,,,,,
30.08.2005,,0,,,,,,,,,
31.08.2005,,0,0,0,,,,,,,
01.09.2005,,0,0,,,,,,,0,
02.09.2005,,,,,,,,,,0,
03.09.2005,,0,0,,,,,,,0,0
04.09.2005,,,0,,,,,,,,
05.09.2005,,,0,,,,,,,,
06.09.2005,,,0,,,,,,,0,0
07.09.2005,,5,20,2,,1,1,3,,13,4
08.09.2005,,,0,,,,,,,0,0
09.09.2005,,14,23,,,4,2,10,,5,4
10.09.2005,,,0,,,,,,,,
11.09.2005,,12,25,3,,2,8,3,,12,9
12.09.2005,,6,12,3,,4,,6,,1,7
13.09.2005,,7,13,3,,2,4,6,,2,8
14.09.2005,,30,29,8,,2,6,22,,19,10
15.09.2005,,8,7,4,,6,4,8,,2,3
16.09.2005,,4,12,,,6,2,9,,7,9
17.09.2005,,2,4,,,,,,,1,1
18.09.2005,,20,19,2,,5,3,2,,15,14
19.09.2005,,5,16,7,,3,,1,,6,11
20.09.2005,,11,12,,,1,2,,,4,3
21.09.2005,,15,12,0,,4,2,0,,6,3
22.09.2005,,2,6,1,,1,1,,,5,4
23.09.2005,,6,16,,,6,9,5,,8,5
24.09.2005,,16,21,6,,7,8,7,,14,5
25.09.2005,,7,21,3,,7,5,9,,32,2
26.09.2005,,,,,,,,,,0,0
27.09.2005,,4,24,4,,3,1,7,,,4
28.09.2005,,2,15,8,,2,2,1,,1,3
29.09.2005,,6,20,4,,4,2,5,,10,8
30.09.2005,,,4,,,,,1,,,
01.10.2005,,5,18,,,5,2,7,,3,1
02.10.2005,,43,32,9,,8,4,15,,14,10
03.10.2005,,3,7,,,4,,14,,5,2
04.10.2005,,2,9,3,,3,3,2,,1,2
05.10.2005,,4,11,3,,5,2,8,,5,9
06.10.2005,,16,8,4,,1,3,11,,2,5
07.10.2005,,,2,,,,,,,,
08.10.2005,,15,21,9,,4,3,5,,0,0
09.10.2005,,7,41,3,,15,5,25,,6,5
10.10.2005,,2,2,4,,1,,3,,2,
11.10.2005,,,14,,,0,3,,,3,3
12.10.2005,,7,14,1,,1,,13,,3,4
13.10.2005,,49,20,7,,5,2,12,,7,13
14.10.2005,,1,15,,,3,2,5,,5,4
15.10.2005,,0,2,,,1,2,4,,7,7
16.10.2005,,4,33,,,12,4,9,,10,6
17.10.2005,,10,19,0,,2,,0,,,
18.10.2005,,11,37,10,,7,1,6,,0,
19.10.2005,,,7,,,1,3,3,,4,
20.10.2005,,14,28,4,,7,4,13,,17,
21.10.2005,,7,15,,,,1,6,,0,0
22.10.2005,,8,22,1,,4,3,8,,12,12
23.10.2005,,2,26,5,,3,4,9,,2,6
24.10.2005,,1,22,1,,3,3,8,,,4
25.10.2005,,6,11,,,,2,6,,1,1
26.10.2005,,6,24,,,3,3,11,,6,6
27.10.2005,,9,13,2,,5,3,11,,9,6
28.10.2005,,4,13,1,,2,5,18,,9,5
29.10.2005,,8,19,6,,9,3,14,,9,5
30.10.2005,,7,30,3,,2,1,10,,11,3
31.10.2005,,4,18,3,,1,3,6,,10,12
01.11.2005,,7,21,3,,5,2,6,,4,4
02.11.2005,,2,14,3,,1,1,9,,1,3
03.11.2005,,11,18,1,,4,1,12,,10,2
04.11.2005,,25,23,3,,7,3,17,,2,5
05.11.2005,,7,20,1,,7,6,16,,13,8
06.11.2005,,3,20,1,,6,3,15,,2,4
07.11.2005,,4,20,7,,3,4,8,,8,4
08.11.2005,,4,19,,,4,2,10,,5,9
09.11.2005,,2,19,7,,3,2,12,,7,1
10.11.2005,,4,8,2,,3,4,9,,6,6
11.11.2005,,20,18,2,,4,4,18,,12,4
12.11.2005,,26,22,3,,6,6,12,,4,18
13.11.2005,,4,14,4,,9,12,4,,1,1
14.11.2005,,4,18,2,,7,1,,,,8
15.11.2005,,5,15,2,,4,3,18,,1,3
16.11.2005,,2,13,3,,2,,5,,,2
17.11.2005,,4,17,5,,2,6,0,,,1
18.11.2005,,11,29,2,,3,2,8,,0,0
19.11.2005,,7,25,13,,6,8,5,,9,4
20.11.2005,,0,30,1,,2,5,14,,4,3
21.11.2005,,3,20,5,,,1,5,,5,9
22.11.2005,,2,20,2,,5,1,12,,2,
23.11.2005,,2,22,5,,9,1,5,,2,3
24.11.2005,,10,18,,,5,4,5,,2,5
25.11.2005,,15,7,5,,2,9,8,,11,11
26.11.2005,,9,32,10,,5,7,12,,8,13
27.11.2005,,20,20,7,,7,3,5,,4,1
28.11.2005,,8,14,9,,2,,9,,2,2
29.11.2005,,0,13,3,,4,0,8,,6,7
30.11.2005,,1,10,3,,3,3,8,,1,4
01.12.2005,,1,12,2,,3,5,8,,4,7
02.12.2005,,,15,9,4,5,3,14,0,3,2
03.12.2005,,8,37,6,5,9,2,18,6,5,1
04.12.2005,,1,10,5,5,9,,14,3,3,
05.12.2005,,,13,,,0,2,14,2,1,
06.12.2005,,5,17,4,6,4,2,22,3,0,0
07.12.2005,,21,17,5,3,2,3,14,2,,4
08.12.2005,,4,15,2,4,8,3,8,6,2,1
09.12.2005,,1,5,1,,1,1,1,,3,6
10.12.2005,,8,33,7,5,7,8,12,6,2,3
11.12.2005,,2,32,3,1,5,17,18,2,3,5
12.12.2005,,2,20,9,1,3,2,7,,7,2
13.12.2005,,3,12,6,1,2,,9,,3,
14.12.2005,,4,13,2,1,4,2,12,,10,7
15.12.2005,,2,8,7,,5,3,7,,6,1
16.12.2005,,11,23,1,,5,2,19,,4,8
17.12.2005,,19,22,,,4,5,28,,5,7
18.12.2005,,4,26,4,,5,6,14,2,6,4
19.12.2005,,,8,7,,7,4,13,2,3,4
20.12.2005,,2,11,1,,9,2,17,2,11,
21.12.2005,,1,6,,,4,1,10,2,6,4
22.12.2005,,3,11,4,,3,5,7,,5,2
23.12.2005,,4,18,4,,6,5,5,1,,7
24.12.2005,,10,19,3,,15,9,12,,10,2
25.12.2005,,2,22,2,,10,5,18,,5,9
26.12.2005,,3,13,,,2,2,3,,1,3
27.12.2005,,10,7,,,4,2,16,,4,11
28.12.2005,,1,12,3,,9,5,9,,,6
29.12.2005,,36,13,8,,8,8,8,,4,5
30.12.2005,,13,14,,,3,3,12,,15,13
31.12.2005,,18,14,1,,6,10,6,,5,6
01.01.2006,,,,,,,,,,,
02.01.2006,,11,8,,,2,1,19,,,
03.01.2006,,5,6,2,,2,2,40,,,
04.01.2006,,6,15,1,,8,,20,,,
05.01.2006,,24,13,4,,2,3,11,,,
06.01.2006,,9,12,2,,4,1,19,,0,0
07.01.2006,,4,13,2,,4,4,6,,5,1
08.01.2006,,2,12,1,,3,4,5,,2,
09.01.2006,,8,19,6,,5,4,7,,7,3
10.01.2006,,,13,1,,2,1,22,,3,5
11.01.2006,,4,11,5,,4,3,9,,2,5
12.01.2006,,1,10,1,,,2,10,,3,1
13.01.2006,,3,14,4,,2,2,10,,6,4
14.01.2006,,12,29,2,,8,5,12,,6,3
15.01.2006,,8,28,2,,5,,23,,7,5
16.01.2006,,8,17,2,,2,7,18,,5,3
17.01.2006,,5,21,2,,4,,10,,3,6
18.01.2006,,10,22,1,,6,2,10,,4,1
19.01.2006,,5,24,6,,6,2,2,,7,2
20.01.2006,,5,20,4,,14,6,3,,6,7
21.01.2006,,10,25,5,,5,9,19,,,5
22.01.2006,,32,27,9,,9,5,13,,7,7
23.01.2006,,15,15,2,,7,2,19,,8,
24.01.2006,,6,5,3,,7,5,25,,3,7
25.01.2006,,14,6,,,0,1,5,,7,5
26.01.2006,,0,16,4,,2,2,11,,8,3
27.01.2006,,9,12,3,,5,1,17,,5,2
28.01.2006,,20,21,,,8,3,14,,2,2
29.01.2006,,3,19,6,,9,5,15,,1,2
30.01.2006,,3,14,1,,5,4,4,,9,1
31.01.2006,,3,17,1,,2,,4,,9,4
01.02.2006,,1,18,1,,,,17,,8,
02.02.2006,,0,20,0,,0,2,14,,4,
03.02.2006,,1,21,10,,2,11,6,,10,
04.02.2006,,10,19,9,,1,12,2,,11,
05.02.2006,,2,26,4,,3,4,6,,3,
06.02.2006,,1,28,3,,5,4,22,,9,
07.02.2006,,10,23,4,,,2,12,,9,
08.02.2006,,12,23,4,,3,3,10,,7,
09.02.2006,,3,25,1,,4,3,12,,5,
10.02.2006,,11,30,1,,6,2,,,,
11.02.2006,,14,31,2,,8,5,8,0,0,
12.02.2006,,21,27,1,,5,,10,,7,
13.02.2006,,7,26,5,,3,,14,,3,
14.02.2006,,3,34,4,,5,0,34,,1,
15.02.2006,,6,18,2,,1,5,34,,,
16.02.2006,,9,27,5,,4,2,12,,0,
17.02.2006,,10,27,3,,8,3,19,,,
18.02.2006,,10,37,5,,7,7,27,,,
19.02.2006,,9,24,3,,4,5,2,,,
20.02.2006,,3,24,1,,5,6,5,,,
21.02.2006,,3,23,4,,4,5,15,,,
22.02.2006,,3,33,1,,4,6,10,,,
23.02.2006,,11,34,2,,3,1,14,,,
24.02.2006,,49,16,3,,3,7,14,,7,2
25.02.2006,,5,20,3,,2,2,9,,6,10
26.02.2006,,1,15,,,7,3,17,,7,5
27.02.2006,,3,6,,0,1,3,6,,3,3
28.02.2006,,4,6,0,,3,5,15,,5,8
01.03.2006,,2,12,1,,5,3,17,,8,10
02.03.2006,,5,24,,,1,2,18,,7,6
03.03.2006,,10,34,1,,5,1,11,,5,5
04.03.2006,,2,42,1,,8,1,14,,9,13
05.03.2006,,7,28,4,,7,2,14,,7,2
06.03.2006,,0,24,3,,4,5,2,,2,5
07.03.2006,,10,29,2,,7,6,14,,11,9
08.03.2006,,1,22,4,,4,13,5,,8,8
09.03.2006,,8,24,5,,1,11,12,,6,3
10.03.2006,,2,27,3,,3,7,19,,5,3
11.03.2006,,7,39,2,,12,16,8,,14,8
12.03.2006,,1,38,2,,6,9,19,,11,5
13.03.2006,,0,40,,,4,5,6,,3,5
14.03.2006,,4,17,6,,1,2,13,,9,4
15.03.2006,,11,19,2,,5,14,15,,6,8
16.03.2006,,1,25,,,10,10,11,,1,2
17.03.2006,,16,27,,,8,,10,,4,7
18.03.2006,,7,39,5,,8,,18,,5,11
19.03.2006,,3,30,5,,5,,7,,4,7
20.03.2006,,,16,2,,9,,19,,,1
21.03.2006,,2,10,0,,1,,13,,3,9
22.03.2006,,9,18,1,,0,0,4,,,7
23.03.2006,,2,21,,,4,13,20,,3,7
24.03.2006,,12,26,3,,7,10,18,,3,6
25.03.2006,,10,37,3,,7,16,6,,10,12
26.03.2006,,12,40,4,,4,18,12,,1,4
27.03.2006,,5,22,3,,1,10,1,,5,3
28.03.2006,,13,30,2,,5,15,4,,1,7
29.03.2006,,,12,3,,7,5,9,,1,2
30.03.2006,,1,18,7,,5,,14,,1,
31.03.2006,,9,29,,,4,,6,,3,1
01.04.2006,,9,41,2,,8,9,11,,3,7
02.04.2006,,3,33,3,,5,,12,,2,2
03.04.2006,,0,21,7,,9,,11,,4,1
04.04.2006,,7,26,6,,2,,6,,5,1
05.04.2006,,,31,3,,7,,11,,4,
06.04.2006,,4,22,11,,4,,5,,1,5
07.04.2006,,9,21,6,,6,,28,,2,6
08.04.2006,,18,49,1,,9,,17,,17,8
09.04.2006,,11,36,2,,4,,18,,1,1
10.04.2006,,1,24,3,,12,,7,,7,
11.04.2006,,4,40,,,4,,11,,1,0
12.04.2006,,,37,,,6,,7,,6,6
13.04.2006,,5,16,,,7,,13,,1,2
14.04.2006,,1,26,0,,6,,17,,2,10
15.04.2006,,5,45,4,,7,,7,,1,5
16.04.2006,,7,30,7,,8,,12,,5,6
17.04.2006,,12,26,5,,4,,7,,3,9
18.04.2006,,11,19,6,,8,,7,,4,4
19.04.2006,,1,9,4,,2,,5,,0,1
20.04.2006,,1,13,,,3,,5,,6,3
21.04.2006,,1,33,8,,9,,5,,3,3
22.04.2006,,4,40,2,,14,,21,,9,11
23.04.2006,,5,18,3,,10,,6,,2,
24.04.2006,,3,26,3,,2,,,,1,3
25.04.2006,,2,12,2,,4,,10,,3,5
26.04.2006,,0,14,,,5,,9,,1,10
27.04.2006,,7,27,,,3,,4,,1,1
28.04.2006,,7,26,,,5,,18,,4,3
29.04.2006,,18,34,,,14,,27,,3,4
30.04.2006,,14,29,,,10,,11,,9,4
01.05.2006,,1,22,,,13,,14,,2,3
02.05.2006,,3,34,,,2,,5,,3,6
03.05.2006,,1,27,,,3,,8,,4,2
04.05.2006,,16,30,,,8,,31,,3,
05.05.2006,,20,37,,,4,,18,,2,1
06.05.2006,,22,26,,,12,,24,,11,8
07.05.2006,,21,45,3,,9,,14,,1,4
08.05.2006,,20,42,3,,3,,6,,5,3
09.05.2006,,15,20,12,,5,,5,,6,3
10.05.2006,,7,21,4,,3,,14,,2,2
11.05.2006,,53,21,5,,5,,2,,2,4
12.05.2006,,28,19,2,,2,,7,,5,
13.05.2006,,15,29,7,,3,,7,,4,
14.05.2006,,6,35,,,3,,15,,8,5
15.05.2006,,2,21,2,,4,,5,,1,2
16.05.2006,,4,24,0,,5,,13,0,1,2
17.05.2006,,4,25,1,,6,,7,,3,2
18.05.2006,,12,18,4,,,,10,4,6,11
19.05.2006,,25,25,3,,,,6,1,6,7
20.05.2006,,55,35,7,,3,,15,2,6,11
21.05.2006,,5,38,10,,1,,20,3,6,6
22.05.2006,,8,31,3,,,,20,5,3,7
23.05.2006,,1,19,,,3,3,10,2,2,1
24.05.2006,,10,24,,,7,14,18,2,2,4
25.05.2006,,21,17,,,3,7,9,4,11,5
26.05.2006,,31,30,,,,,7,3,4,5
27.05.2006,,28,45,,,2,,11,3,1,2
28.05.2006,,23,31,,,4,,4,,7,17
29.05.2006,,4,26,,,3,,11,4,,3
30.05.2006,,3,26,,,9,0,6,2,4,
31.05.2006,,2,33,,,1,,,,10,
01.06.2006,,6,19,,,,3,,,6,
02.06.2006,,12,20,,,1,7,,6,2,
03.06.2006,,43,46,,,1,7,,,16,
04.06.2006,,5,34,,,3,7,,,5,0
05.06.2006,,2,28,,,2,,,,4,5
06.06.2006,,11,18,3,,1,2,,2,4,2
07.06.2006,,4,11,1,,1,9,,0,4,3
08.06.2006,,12,23,2,,1,1,,3,3,2
09.06.2006,,36,32,2,,,4,,,1,4
10.06.2006,,17,26,2,,1,1,,,10,1
11.06.2006,,22,42,3,,2,3,,2,,4
12.06.2006,,6,21,2,,2,4,,,2,2
13.06.2006,,1,31,1,,2,,0,5,3,1
14.06.2006,,6,29,1,,2,0,0,,1,1
15.06.2006,,14,19,2,,5,3,7,,3,3
16.06.2006,,5,30,5,,3,8,0,,7,4
17.06.2006,,14,28,2,,5,1,6,1,5,13
18.06.2006,,21,26,9,,2,3,1,,3,2
19.06.2006,,7,16,3,,2,8,10,5,,2
20.06.2006,,14,28,6,,5,6,1,1,2,3
21.06.2006,,10,18,,,,9,6,,,1
22.06.2006,,21,25,,,3,8,8,1,,2
23.06.2006,,2,29,,,1,3,14,11,,3
24.06.2006,,17,33,,,2,10,9,,4,2
25.06.2006,,4,13,,,2,4,4,2,6,7
26.06.2006,,3,18,,,2,5,6,1,,2
27.06.2006,,17,16,,,3,12,11,2,1,3
28.06.2006,,2,19,,,2,1,9,7,,2
29.06.2006,,3,18,,,3,3,6,,6,7
30.06.2006,,4,45,,,5,7,15,4,1,4
01.07.2006,,64,27,,,,5,11,,1,5
02.07.2006,,3,28,,,,,13,5,7,6
03.07.2006,,4,29,,,,,8,6,4,
04.07.2006,,8,21,,,,,7,2,3,
05.07.2006,,6,29,,,,,15,3,7,
06.07.2006,,6,24,,,,,14,11,13,
07.07.2006,,4,39,,,,,21,2,15,
08.07.2006,,6,17,,,,,23,4,5,
09.07.2006,,21,25,,,,,8,11,10,
10.07.2006,,,28,,,,,,10,4,
11.07.2006,,3,30,,,,,,,3,
12.07.2006,,6,22,,,,,,1,,
13.07.2006,,20,16,,,0,,0,,3,
14.07.2006,,12,22,,,3,,10,,,
15.07.2006,,5,22,,,7,,11,,,0
16.07.2006,,18,24,,,5,,9,,,
17.07.2006,,3,20,,,4,,4,,,
18.07.2006,,9,20,0,,4,0,10,0,,
19.07.2006,,4,18,1,,1,7,11,8,,
20.07.2006,,4,22,3,,0,17,15,6,,
21.07.2006,,9,31,2,,1,8,20,7,,
22.07.2006,,7,25,1,,5,10,32,8,,
23.07.2006,,8,28,2,,3,6,10,5,,
24.07.2006,,3,19,5,,2,,8,5,,
25.07.2006,,1,16,1,,5,0,8,5,,
26.07.2006,,1,28,1,,3,7,15,9,,
27.07.2006,,4,14,1,,6,12,12,3,,
28.07.2006,,17,18,5,,8,4,11,4,,
29.07.2006,,2,17,,,5,,6,4,,
30.07.2006,,2,21,,,8,,2,2,,
31.07.2006,,1,15,,,2,,13,3,,
01.08.2006,,5,31,,,,,,3,,
02.08.2006,,3,21,0,,0,0,0,0,,
03.08.2006,,4,21,3,,,8,1,3,,
04.08.2006,,3,36,9,,,13,3,4,,
05.08.2006,,23,25,10,,2,14,18,14,,
06.08.2006,,3,25,,,3,13,20,9,,
07.08.2006,,,28,,,3,9,12,6,,
08.08.2006,,5,29,0,,1,6,12,3,,
09.08.2006,,6,18,6,,5,5,17,3,,
10.08.2006,,10,17,4,,,5,2,4,,
11.08.2006,,9,19,6,,3,4,10,1,,
12.08.2006,,31,25,4,,6,6,7,4,,
13.08.2006,,4,14,2,,1,7,9,4,,
14.08.2006,,5,28,,,1,6,10,3,,
15.08.2006,,3,15,,,,0,10,2,,
16.08.2006,,,22,,,0,10,2,3,,
17.08.2006,,2,25,,,1,5,13,8,,
18.08.2006,,2,32,,,4,6,4,5,,
19.08.2006,,12,22,,,3,16,4,1,,
20.08.2006,,4,16,,,5,6,4,4,,
21.08.2006,,9,19,,,3,10,6,4,,
22.08.2006,,0,14,,,7,9,9,4,,
23.08.2006,,10,20,,,1,4,4,2,,
24.08.2006,,7,15,,,0,11,8,2,,
25.08.2006,,9,23,,,5,9,3,5,,
26.08.2006,,9,36,,,2,6,10,1,,
27.08.2006,,2,25,,,2,18,5,3,,
28.08.2006,,,23,,,3,9,11,6,,
29.08.2006,,9,12,,,6,0,11,6,,
30.08.2006,,,18,,,2,12,11,3,,
31.08.2006,,5,21,,,4,12,10,4,,
01.09.2006,,0,13,,,7,15,15,2,,
02.09.2006,,6,31,,,4,9,12,7,,
03.09.2006,,13,31,,,8,,12,4,,
04.09.2006,,1,30,,,3,,11,2,,
05.09.2006,,1,20,,0,5,0,7,3,,
06.09.2006,,,17,,2,5,5,8,8,,
07.09.2006,,1,19,,5,2,14,3,1,0,0
08.09.2006,,10,20,,1,4,2,8,,,
09.09.2006,,7,30,,4,6,14,8,4,,5
10.09.2006,,5,30,,1,4,11,2,,1,4
11.09.2006,,1,26,,7,,10,5,3,4,1
12.09.2006,,3,26,,8,,9,1,5,1,1
13.09.2006,,3,22,,1,,17,9,1,,5
14.09.2006,,2,19,,6,0,10,3,8,5,2
15.09.2006,,8,22,,1,4,3,8,8,8,7
16.09.2006,,4,37,,,9,,11,5,8,12
17.09.2006,,,21,,0,9,,3,1,5,6
18.09.2006,,,23,,11,2,,3,2,7,2
19.09.2006,,2,17,,11,,,5,1,2,2
20.09.2006,,6,17,,13,,0,5,1,1,1
21.09.2006,,6,18,,9,0,4,11,3,6,0
22.09.2006,,,22,,10,2,9,1,6,7,3
23.09.2006,,4,33,,9,7,16,14,1,1,6
24.09.2006,,9,33,,2,1,12,,,2,1
25.09.2006,,2,17,,2,3,7,8,3,,1
26.09.2006,,2,13,,3,3,9,3,3,2,
27.09.2006,,11,3,,6,2,6,,3,1,1
28.09.2006,,2,13,,3,4,7,3,4,7,1
29.09.2006,,14,17,,6,3,9,13,1,3,4
30.09.2006,,7,25,,10,,11,9,2,3,4
01.10.2006,,3,11,,7,,7,1,2,2,5
02.10.2006,,2,30,,10,,,2,4,1,
03.10.2006,,3,11,,8,0,0,4,,3,2
04.10.2006,,3,19,,5,5,3,3,,3,3
05.10.2006,,2,15,,10,0,7,7,1,2,3
06.10.2006,,9,20,,5,6,8,13,5,1,4
07.10.2006,,6,33,,11,9,6,2,0,4,2
08.10.2006,,2,25,,7,6,,,7,4,3
09.10.2006,,5,25,,5,7,3,2,3,5,3
10.10.2006,,2,18,,3,8,3,5,1,1,1
11.10.2006,,,32,,5,2,9,7,3,2,2
12.10.2006,,,13,,2,5,5,0,,4,4
13.10.2006,,1,25,,1,,16,14,8,4,4
14.10.2006,,33,22,,10,,8,11,7,2,4
15.10.2006,,6,30,,6,,9,5,4,6,2
16.10.2006,,4,19,,9,,3,4,2,2,2
17.10.2006,,2,17,,8,,5,5,6,4,3
18.10.2006,,,19,,3,0,7,5,4,3,4
19.10.2006,,4,12,,5,3,6,6,2,,4
20.10.2006,,4,30,,8,5,7,18,1,1,4
21.10.2006,,13,35,,12,11,6,13,,2,8
22.10.2006,,3,24,,9,7,8,5,,2,
23.10.2006,,0,14,,4,10,,2,,0,1
24.10.2006,,9,23,,5,2,0,10,0,3,4
25.10.2006,,,20,,6,7,4,1,3,1,4
26.10.2006,,,17,,6,7,7,1,,1,3
27.10.2006,,6,30,,8,4,5,5,1,1,3
28.10.2006,,16,26,,9,3,11,16,5,11,6
29.10.2006,,9,33,,13,4,5,13,3,6,4
30.10.2006,,12,11,,6,1,3,6,1,3,
31.10.2006,,5,17,,6,3,7,2,8,6,3
01.11.2006,,,27,,5,4,8,1,5,4,2
02.11.2006,,2,16,,2,5,7,2,1,1,1
03.11.2006,,7,29,,2,5,8,13,9,2,2
04.11.2006,,13,32,,12,10,6,5,2,2,4
05.11.2006,,3,29,,8,2,7,6,1,2,1
06.11.2006,,3,27,,3,3,13,3,3,1,1
07.11.2006,,,17,,8,0,3,4,2,3,3
08.11.2006,,1,20,,6,3,2,3,0,2,2
09.11.2006,,5,16,,3,1,5,,2,13,3
10.11.2006,,8,26,,3,3,10,3,7,6,2
11.11.2006,,8,44,,3,9,6,13,4,5,4
12.11.2006,,2,27,,8,5,10,10,1,3,4
13.11.2006,,4,17,,4,3,2,4,3,5,7
14.11.2006,,5,16,,8,7,4,5,2,3,5
15.11.2006,,2,20,,4,5,3,1,1,1,3
16.11.2006,,,20,,1,3,6,2,3,8,1
17.11.2006,,2,28,,12,3,2,9,4,6,3
18.11.2006,,19,36,,11,2,6,8,6,4,7
19.11.2006,,2,25,,8,8,5,11,3,2,4
20.11.2006,,,12,,6,3,3,6,2,3,
21.11.2006,,1,17,,7,2,3,4,2,3,
22.11.2006,,8,25,,2,2,5,,7,1,2
23.11.2006,,2,19,,4,4,3,3,2,4,3
24.11.2006,,1,18,,6,3,9,4,6,6,3
25.11.2006,,3,26,,12,4,9,7,1,14,7
26.11.2006,,2,27,,13,4,4,6,5,1,
27.11.2006,,3,16,,3,5,1,8,4,1,2
28.11.2006,,3,28,,4,3,2,11,1,1,1
29.11.2006,,5,13,,3,1,6,4,1,2,4
30.11.2006,,10,20,,6,5,8,1,1,1,2
01.12.2006,,12,15,,7,2,4,1,3,6,1
02.12.2006,,6,29,,4,7,4,6,2,9,8
03.12.2006,,,28,,8,4,6,10,11,3,4
04.12.2006,,,,,,,,,,,
05.12.2006,,5,22,,2,1,5,4,1,,2
06.12.2006,,,17,,9,2,2,3,6,0,2
07.12.2006,,1,21,,2,8,4,5,1,1,1
08.12.2006,,15,23,,1,4,3,6,1,7,4
09.12.2006,,4,35,,5,5,4,3,3,28,6
10.12.2006,,,40,,4,6,14,5,1,3,1
11.12.2006,,,25,,1,5,8,5,1,2,
12.12.2006,,,10,,5,1,2,7,2,4,
13.12.2006,,2,16,,5,2,7,5,2,2,2
14.12.2006,,3,16,,2,3,18,3,2,3,1
15.12.2006,,1,27,,6,7,6,,1,3,3
16.12.2006,,7,36,,12,16,6,11,8,6,9
17.12.2006,,1,36,,5,3,8,3,4,3,5
18.12.2006,,,28,,5,2,,4,4,4,3
19.12.2006,,2,19,,6,3,0,4,2,5,
20.12.2006,,5,16,,1,7,8,6,4,8,4
21.12.2006,,2,20,,2,7,4,,,6,1
22.12.2006,,4,21,,7,5,8,6,4,2,1
23.12.2006,,14,23,,6,5,9,4,5,4,5
24.12.2006,,0,37,,7,7,11,8,6,5,8
25.12.2006,,3,18,,5,2,5,5,6,1,4
26.12.2006,,4,31,,12,4,3,4,2,5,2
27.12.2006,,6,31,,16,2,,13,5,7,5
28.12.2006,,11,42,,10,5,,5,,1,4
29.12.2006,,4,15,,9,2,,11,6,10,8
30.12.2006,,10,24,,8,11,,2,,7,13
31.12.2006,,1,14,,10,3,,,,5,8
01.01.2007,,,,,,,,,,,
02.01.2007,,21,11,,7,2,,7,1,3,5
03.01.2007,,10,15,,21,7,,2,3,0,2
04.01.2007,,,4,,7,,,12,1,,1
05.01.2007,,3,36,,14,,,6,10,4,1
06.01.2007,,5,26,,20,0,0,18,2,5,6
07.01.2007,,0,18,,23,3,2,10,,1,
08.01.2007,,2,32,,6,,9,2,,2,2
09.01.2007,,2,27,,,4,5,10,4,,
10.01.2007,,2,19,,,2,6,8,3,5,1
11.01.2007,,2,17,,0,8,9,6,3,2,6
12.01.2007,,24,23,,4,5,7,6,7,2,7
13.01.2007,,12,43,,2,11,9,3,3,2,8
14.01.2007,,5,22,,9,3,9,3,2,1,1
15.01.2007,,10,25,,7,6,5,5,2,5,2
16.01.2007,,,17,,7,0,6,1,3,2,6
17.01.2007,,6,28,,4,8,7,7,2,8,5
18.01.2007,0,2,23,,4,,,8,2,2,2
19.01.2007,9,1,19,,2,4,4,7,1,8,1
20.01.2007,9,5,28,,7,8,14,17,11,1,5
21.01.2007,2,3,25,,8,3,5,,2,4,3
22.01.2007,,1,20,,18,13,6,3,4,,3
23.01.2007,,,22,,4,6,2,3,3,3,2
24.01.2007,0,5,27,,10,3,4,11,5,1,2
25.01.2007,3,6,32,,4,6,3,5,5,2,3
26.01.2007,2,,33,,9,2,1,5,7,8,5
27.01.2007,2,5,24,,12,4,9,9,3,1,6
28.01.2007,3,,24,,11,2,6,5,8,1,4
29.01.2007,5,,17,,8,3,4,7,3,3,2
30.01.2007,5,,18,,9,1,3,3,1,7,2
31.01.2007,8,2,16,,7,2,5,6,4,2,
01.02.2007,2,,22,,3,2,6,7,1,,7
02.02.2007,0,,16,,7,7,10,7,6,2,1
03.02.2007,5,,39,,11,9,12,5,2,2,6
04.02.2007,5,,33,,14,4,6,6,3,7,7
05.02.2007,4,7,20,,9,3,3,12,12,3,2
06.02.2007,8,,23,,11,4,3,5,12,8,3
07.02.2007,6,,28,,13,2,3,1,5,3,2
08.02.2007,1,,22,,11,5,9,10,6,4,2
09.02.2007,3,3,29,,9,3,7,11,2,4,2
10.02.2007,5,8,37,,21,4,11,5,,1,2
11.02.2007,8,,29,,15,9,4,9,4,6,2
12.02.2007,7,1,20,,10,,,1,1,6,4
13.02.2007,7,3,23,,13,8,,8,5,3,2
14.02.2007,0,8,18,,16,1,,7,7,5,4
15.02.2007,2,2,24,,5,7,,6,3,2,6
16.02.2007,4,2,26,,7,10,,5,7,11,5
17.02.2007,10,4,38,,11,6,,7,5,2,7
18.02.2007,4,2,28,,8,,1,4,,5,
19.02.2007,4,,27,,6,3,,3,4,4,4
20.02.2007,5,2,29,,10,1,,2,,2,5
21.02.2007,1,10,23,,8,6,,5,5,9,6
22.02.2007,7,8,22,,8,5,,4,1,2,6
23.02.2007,11,2,33,,10,4,,4,1,2,6
24.02.2007,2,3,31,,5,9,,2,4,8,5
25.02.2007,4,,30,,8,6,,19,,5,2
26.02.2007,3,,10,,4,4,,8,4,7,5
27.02.2007,5,,19,,6,10,,,2,3,
28.02.2007,3,,24,,13,3,,,2,3,2
01.03.2007,2,0,18,,6,3,,0,7,4,5
02.03.2007,5,7,25,,17,3,,3,3,13,4
03.03.2007,8,6,55,,17,10,,16,5,11,15
04.03.2007,2,1,37,,8,10,,7,7,1,5
05.03.2007,5,,31,,9,12,,3,10,3,4
06.03.2007,8,1,27,,9,8,,2,1,0,4
07.03.2007,5,3,30,,24,5,0,4,0,5,2
08.03.2007,1,,23,,12,3,,5,,3,6
09.03.2007,12,2,22,,6,4,,,3,7,2
10.03.2007,6,6,19,,7,7,11,1,,4,5
11.03.2007,9,12,30,,9,2,7,7,2,6,1
12.03.2007,2,2,22,,4,4,5,8,9,1,3
13.03.2007,2,,20,,3,1,,3,1,7,4
14.03.2007,5,0,24,,8,7,1,1,8,1,1
15.03.2007,6,5,25,,7,5,,8,0,3,
16.03.2007,6,8,18,,13,3,,11,,7,1
17.03.2007,5,24,42,,15,13,,8,11,10,2
18.03.2007,10,1,31,,10,6,,16,6,5,1
19.03.2007,2,19,26,,9,5,,7,6,2,2
20.03.2007,3,3,17,,8,2,,5,6,2,2
21.03.2007,10,2,19,,8,4,,4,4,6,7
22.03.2007,3,,28,,10,8,,,4,3,3
23.03.2007,3,1,19,,8,5,,,1,11,4
24.03.2007,6,8,33,,11,7,0,0,7,6,8
25.03.2007,2,7,24,,9,7,3,6,4,8,3
26.03.2007,3,3,13,,7,4,7,21,6,6,4
27.03.2007,5,,17,,4,3,5,3,9,2,
28.03.2007,6,4,24,,7,6,1,,5,1,1
29.03.2007,4,6,29,,7,4,2,,6,3,4
30.03.2007,4,,23,,6,5,3,0,8,3,
31.03.2007,9,5,29,,12,15,10,3,,7,3
01.04.2007,8,3,41,,12,3,4,1,4,8,4
02.04.2007,6,,16,,12,6,7,2,3,2,2
03.04.2007,14,1,26,,7,4,4,7,1,4,
04.04.2007,6,2,19,,9,2,2,6,18,3,
05.04.2007,2,2,26,,4,5,,4,3,6,
06.04.2007,4,12,20,,7,3,,7,8,5,
07.04.2007,4,1,32,,12,18,0,,7,9,
08.04.2007,3,8,18,,5,1,2,,1,9,
09.04.2007,3,,11,,4,2,2,,2,2,
10.04.2007,,2,22,,6,6,4,,14,3,
11.04.2007,2,3,19,,9,7,5,0,0,3,
12.04.2007,1,5,18,,4,1,4,5,3,6,
13.04.2007,11,3,21,,5,4,10,,6,2,
14.04.2007,1,2,36,,10,3,15,20,3,9,
15.04.2007,10,12,29,,3,5,2,4,8,2,
16.04.2007,4,1,21,,10,2,3,6,6,2,
17.04.2007,3,4,39,,6,4,,3,6,4,
18.04.2007,5,,25,,9,,0,10,8,3,
19.04.2007,4,3,17,,6,1,7,6,6,1,
20.04.2007,7,9,25,,8,5,12,3,,7,
21.04.2007,2,5,32,,7,5,6,7,2,8,
22.04.2007,2,5,29,,13,4,,2,3,1,
23.04.2007,5,14,28,,7,2,,1,1,1,
24.04.2007,8,5,11,,6,1,0,2,5,4,0
25.04.2007,2,,15,,11,2,5,5,2,3,1
26.04.2007,6,12,19,,7,1,4,14,3,2,
27.04.2007,7,8,23,,12,3,4,1,8,2,1
28.04.2007,5,9,17,,13,7,3,0,3,3,3
29.04.2007,3,24,34,,12,6,4,1,2,4,7
30.04.2007,3,14,23,,11,2,2,2,7,4,2
01.05.2007,8,1,16,,13,1,1,16,8,2,8
02.05.2007,5,4,22,,11,5,2,,2,3,3
03.05.2007,2,1,26,,3,5,5,2,,1,
04.05.2007,10,2,25,,15,5,1,3,4,4,3
05.05.2007,6,6,39,,11,2,6,3,,6,4
06.05.2007,3,20,27,,11,2,4,3,13,3,3
07.05.2007,9,2,35,,6,4,4,,6,1,3
08.05.2007,13,10,24,,12,6,7,,5,2,3
09.05.2007,4,4,17,,6,3,6,,2,2,7
10.05.2007,3,3,16,,1,2,4,,4,7,2
11.05.2007,5,7,24,,11,1,6,,3,2,1
12.05.2007,4,1,27,,7,0,1,,3,2,3
13.05.2007,6,1,6,,4,8,5,,3,2,2
14.05.2007,7,13,,,8,5,9,,11,2,2
15.05.2007,5,1,10,,5,,3,,4,1,1
16.05.2007,3,,41,,5,3,3,,2,3,5
17.05.2007,7,1,26,,7,3,5,0,6,3,2
18.05.2007,5,6,35,,4,5,3,6,2,1,2
19.05.2007,7,18,67,,8,9,5,4,10,7,4
20.05.2007,6,7,40,,17,5,6,8,7,3,1
21.05.2007,8,5,32,,11,2,2,7,8,2,3
22.05.2007,5,,16,,12,5,7,1,1,1,2
23.05.2007,6,11,22,,6,4,3,4,3,2,2
24.05.2007,6,10,11,10,4,4,0,6,,1,
25.05.2007,4,,0,,3,1,5,5,,4,9
26.05.2007,1,3,19,8,6,2,2,18,10,3,1
27.05.2007,1,1,35,3,7,2,8,1,,2,2
28.05.2007,1,1,25,1,5,8,4,,6,,
29.05.2007,3,6,30,,3,7,2,,11,2,2
30.05.2007,5,2,26,0,4,4,1,0,4,,1
31.05.2007,4,2,16,6,3,1,3,7,7,3,1
01.06.2007,2,1,22,7,4,4,3,12,2,2,3
02.06.2007,3,15,54,8,12,9,10,11,2,3,5
03.06.2007,3,4,56,1,8,1,8,,5,2,4
04.06.2007,4,4,31,,9,1,6,,7,3,1
05.06.2007,6,,27,0,4,5,4,,13,1,1
06.06.2007,4,7,29,9,6,4,1,,8,1,
07.06.2007,3,2,23,4,10,1,5,,9,6,5
08.06.2007,7,8,27,4,8,4,4,0,5,5,3
09.06.2007,4,9,24,4,13,5,9,11,11,4,5
10.06.2007,4,16,38,1,8,4,8,9,29,4,6
11.06.2007,8,9,34,10,10,1,2,18,9,,6
12.06.2007,5,12,36,5,9,5,4,10,3,1,3
13.06.2007,3,12,30,7,14,5,2,7,9,2,
14.06.2007,5,4,20,7,14,4,4,5,2,4,5
15.06.2007,7,9,24,6,6,17,6,,10,4,0
16.06.2007,5,,23,5,12,2,9,,5,6,1
17.06.2007,,5,28,,5,5,1,,3,5,6
18.06.2007,0,2,21,10,11,2,2,,6,1,
19.06.2007,0,1,13,6,10,3,3,,0,7,1
20.06.2007,0,1,23,4,9,5,3,,5,4,1
21.06.2007,1,,23,4,6,4,1,,2,6,7
22.06.2007,5,3,35,,6,,2,,10,4,0
23.06.2007,2,1,19,2,8,6,6,,5,,6
24.06.2007,2,,16,,5,2,3,,4,10,4
25.06.2007,8,,31,,1,4,9,,11,4,1
26.06.2007,3,,26,0,5,3,11,0,9,6,2
27.06.2007,3,2,13,2,4,4,6,4,10,3,4
28.06.2007,4,,19,3,4,3,,1,1,3,0
29.06.2007,6,,24,6,6,,4,20,4,2,1
30.06.2007,4,4,24,21,4,11,8,7,6,2,2
01.07.2007,5,,28,3,4,13,3,17,6,,2
02.07.2007,4,,25,6,8,3,7,9,5,,7
03.07.2007,3,,17,4,1,1,5,16,18,3,3
04.07.2007,2,,16,11,3,5,5,11,7,2,4
05.07.2007,3,,16,,4,0,4,3,9,3,3
06.07.2007,14,1,12,4,2,4,6,,9,3,3
07.07.2007,1,,11,1,2,2,4,,7,3,4
08.07.2007,3,,22,8,4,3,4,,8,2,6
09.07.2007,5,,11,2,3,4,5,,3,,3
10.07.2007,9,,26,15,3,4,4,0,1,2,0
11.07.2007,4,,14,,2,4,5,6,3,2,7
12.07.2007,8,,19,4,5,3,4,6,5,1,2
13.07.2007,4,,25,6,9,,3,7,3,2,3
14.07.2007,7,,21,5,5,4,4,12,1,1,1
15.07.2007,4,,23,8,3,2,1,9,6,2,4
16.07.2007,1,,16,9,7,4,4,3,4,2,8
17.07.2007,3,,19,5,2,5,3,10,3,2,1
18.07.2007,6,,19,3,3,5,1,4,2,1,1
19.07.2007,2,,17,12,6,3,1,9,,2,2
20.07.2007,4,,27,4,3,11,7,18,3,3,4
21.07.2007,2,,23,2,3,1,8,10,3,5,1
22.07.2007,7,,28,10,6,3,4,7,2,2,1
23.07.2007,2,,28,,9,3,10,10,5,1,
24.07.2007,3,,17,1,4,3,3,8,7,2,1
25.07.2007,6,,18,5,4,1,3,1,8,,3
26.07.2007,1,,23,2,5,2,10,10,3,1,
27.07.2007,3,8,23,3,2,,3,3,1,3,6
28.07.2007,2,3,18,4,,4,7,14,3,3,3
29.07.2007,4,,33,8,,4,3,9,11,1,3
30.07.2007,2,,26,5,0,7,5,5,8,,4
31.07.2007,2,,9,7,2,4,4,7,10,,4
01.08.2007,2,,8,6,10,0,3,7,15,3,4
02.08.2007,1,,17,4,2,1,3,13,6,2,5
03.08.2007,6,,18,,4,1,4,4,2,,
04.08.2007,1,,18,9,9,3,11,30,5,2,9
05.08.2007,2,,12,6,4,8,4,6,2,,4
06.08.2007,5,,14,2,5,4,2,2,,1,
07.08.2007,1,,18,4,9,1,2,29,8,1,4
08.08.2007,7,,21,1,4,11,6,5,10,1,2
09.08.2007,2,,25,9,8,1,1,6,8,3,4
10.08.2007,4,,23,1,4,4,5,7,4,2,4
11.08.2007,1,,21,5,7,1,9,1,4,2,2
12.08.2007,2,,13,9,5,3,3,4,7,,3
13.08.2007,5,,15,8,4,1,7,5,2,,2
14.08.2007,4,,17,2,6,6,5,7,9,,3
15.08.2007,7,,13,4,3,3,4,9,3,1,
16.08.2007,2,,10,5,1,3,2,7,8,2,7
17.08.2007,2,,17,4,8,6,9,14,1,3,
18.08.2007,14,,17,4,7,3,7,9,4,4,3
19.08.2007,1,,14,3,1,3,2,14,2,7,1
20.08.2007,0,,18,3,3,5,8,4,9,3,
21.08.2007,6,,18,13,3,3,6,3,2,0,1
22.08.2007,3,,21,3,4,5,4,7,2,5,3
23.08.2007,1,,22,6,5,2,8,9,5,,1
24.08.2007,1,,18,5,7,2,6,1,4,3,2
25.08.2007,4,,22,2,8,7,4,5,4,2,
26.08.2007,3,,14,5,11,4,8,8,4,1,
27.08.2007,,,20,4,5,7,5,14,6,,3
28.08.2007,3,,22,10,9,4,7,1,1,1,1
29.08.2007,3,,23,4,7,7,8,1,5,3,2
30.08.2007,3,,14,3,9,2,4,4,3,1,5
31.08.2007,,,23,5,8,8,2,1,1,5,3
01.09.2007,3,,25,9,10,12,4,3,4,1,9
02.09.2007,3,,29,4,2,10,6,7,7,5,3
03.09.2007,8,,21,9,14,6,5,8,1,1,
04.09.2007,4,,17,3,16,4,9,5,10,,2
05.09.2007,1,,27,18,7,6,4,2,3,4,4
06.09.2007,1,,26,9,7,1,4,7,5,3,
07.09.2007,5,,22,10,8,3,11,5,10,,
08.09.2007,7,,30,15,4,8,20,2,2,2,7
09.09.2007,,,31,,13,5,13,3,3,,2
10.09.2007,,,21,,4,3,12,7,6,1,4
11.09.2007,1,,12,1,8,8,15,8,6,2,3
12.09.2007,1,,25,8,,0,6,6,5,,1
13.09.2007,2,,24,6,,2,13,1,,1,3
14.09.2007,2,,27,4,0,6,18,4,12,6,0
15.09.2007,1,,34,7,1,5,11,8,6,,
16.09.2007,,,30,16,8,9,6,6,7,4,8
17.09.2007,,,21,10,10,4,,7,,6,7
18.09.2007,,,23,5,11,2,12,5,1,6,
19.09.2007,0,,22,11,5,8,7,1,7,1,
20.09.2007,3,,29,1,16,5,18,14,10,,
21.09.2007,4,,36,9,3,8,9,14,2,5,
22.09.2007,3,,40,6,5,9,19,11,5,,
23.09.2007,1,,38,5,10,4,19,5,2,,
24.09.2007,2,,22,0,5,,12,4,4,,
25.09.2007,2,,16,4,2,0,10,4,2,,
26.09.2007,2,,20,1,3,5,8,1,2,,
27.09.2007,3,,18,5,8,6,2,6,5,,
28.09.2007,,,38,13,2,7,2,2,6,,
29.09.2007,3,,16,14,5,4,7,5,3,,
30.09.2007,3,,36,5,3,7,,13,8,,
01.10.2007,2,,16,8,3,8,,7,2,,
02.10.2007,1,,22,,5,3,0,3,9,,
03.10.2007,2,,24,9,7,1,17,9,6,,
04.10.2007,0,,25,5,3,8,11,1,5,,
05.10.2007,3,,16,8,8,6,13,,4,,
06.10.2007,4,,35,8,7,11,15,4,5,,
07.10.2007,8,,40,13,5,1,9,8,5,,
08.10.2007,5,,23,7,3,2,5,5,6,,
09.10.2007,,,23,3,7,5,4,10,3,,0
10.10.2007,,,24,7,4,,3,1,3,,
11.10.2007,4,,18,,5,3,19,5,3,,
12.10.2007,1,,33,,15,6,12,3,9,,
13.10.2007,7,,24,0,18,3,15,4,6,,
14.10.2007,6,,39,11,13,7,11,10,6,,
15.10.2007,2,,22,6,10,9,5,5,2,,
16.10.2007,,,16,8,5,6,8,7,3,,
17.10.2007,0,,22,6,10,5,8,5,3,,
18.10.2007,4,,23,5,1,2,4,3,4,,
19.10.2007,1,,24,14,11,6,2,8,4,,
20.10.2007,5,,43,4,10,3,1,3,1,,
21.10.2007,8,,29,8,9,7,6,3,10,,
22.10.2007,2,,13,3,7,10,,6,27,,
23.10.2007,6,,13,3,13,6,,3,5,,
24.10.2007,5,,24,3,3,5,,5,4,,
25.10.2007,2,,22,2,8,6,0,7,3,,
26.10.2007,2,,17,7,1,4,4,5,1,,
27.10.2007,7,,38,6,10,8,11,7,,,
28.10.2007,4,,35,6,4,2,4,2,,,
29.10.2007,3,,16,4,4,4,2,2,,,
30.10.2007,2,,16,7,,15,3,11,0,,
31.10.2007,4,,20,10,8,9,5,4,0,,
01.11.2007,2,,21,7,5,6,2,6,,,
02.11.2007,11,,43,4,12,17,11,2,,,
03.11.2007,5,,28,10,7,6,9,14,1,,
04.11.2007,3,,26,9,6,5,12,4,4,,
05.11.2007,2,,26,8,3,4,17,12,2,,
06.11.2007,9,,16,8,10,3,5,3,2,,
07.11.2007,1,,12,5,13,4,3,10,3,,
08.11.2007,3,,21,7,9,4,8,14,3,,
09.11.2007,6,,29,15,8,10,7,5,1,,
10.11.2007,6,,39,13,7,3,13,5,2,,
11.11.2007,2,,45,6,11,6,18,16,2,,
12.11.2007,1,,29,4,13,7,10,11,,,
13.11.2007,,,,3,12,4,4,3,2,,
14.11.2007,0,,,11,12,4,7,8,5,,
15.11.2007,3,,0,12,9,8,8,4,4,,
16.11.2007,1,,22,5,8,4,11,2,5,,
17.11.2007,6,,37,10,4,10,19,12,2,,
18.11.2007,2,,23,15,13,12,22,10,7,,
19.11.2007,3,,21,3,5,6,7,15,4,,
20.11.2007,5,,34,7,9,8,4,4,,,
21.11.2007,6,,24,10,6,3,7,4,,,
22.11.2007,2,,22,9,4,7,11,26,,,
23.11.2007,6,,28,7,6,7,10,3,2,,
24.11.2007,4,,43,5,7,10,7,10,3,,
25.11.2007,3,,41,10,8,6,3,2,,,
26.11.2007,,,18,4,6,3,3,5,3,,
27.11.2007,7,,30,10,8,3,7,6,2,,
28.11.2007,3,,12,5,4,,10,8,3,,
29.11.2007,3,,25,6,3,,7,6,1,,
30.11.2007,2,,34,,9,,7,14,2,,
01.12.2007,3,,35,13,7,,12,5,1,,
02.12.2007,3,,32,7,8,,16,12,9,,
03.12.2007,3,,27,6,6,,12,6,4,,
04.12.2007,2,,31,14,3,,3,,4,,
05.12.2007,0,,25,0,4,,15,4,1,,
06.12.2007,3,,25,12,8,3,9,4,4,,
07.12.2007,3,,20,6,1,3,14,9,4,,
08.12.2007,6,,39,8,5,1,10,11,7,,
09.12.2007,2,,36,3,4,,12,16,5,,
10.12.2007,3,,15,,4,,6,3,2,,
11.12.2007,1,,22,15,5,,2,7,5,,
12.12.2007,2,,23,8,4,,6,5,4,,
13.12.2007,5,,13,7,3,,5,6,2,,
14.12.2007,4,,35,3,2,,5,9,3,,
15.12.2007,,,40,8,5,,10,8,6,,
16.12.2007,2,,46,8,8,2,8,2,5,,
17.12.2007,10,,32,8,5,,6,9,10,,
18.12.2007,,,30,3,9,1,6,6,6,,
19.12.2007,3,,22,5,8,,9,9,1,,
20.12.2007,1,,14,2,7,,8,6,4,,
21.12.2007,4,,26,6,3,,5,12,4,,
22.12.2007,4,,34,4,4,,11,9,5,,
23.12.2007,6,,38,4,,,14,9,2,,
24.12.2007,4,,25,3,5,1,9,11,2,,
25.12.2007,2,,20,15,5,,10,8,17,,
26.12.2007,0,,14,7,14,,14,9,7,,
27.12.2007,5,,18,1,9,,7,4,4,,
28.12.2007,5,,15,6,13,,6,8,5,,
29.12.2007,5,,27,4,14,,15,4,,,
30.12.2007,4,,19,4,18,,19,9,,,
31.12.2007,1,,9,,11,,9,7,,,
01.01.2008,,,,,,,,,,,
02.01.2008,1,,15,4,4,,4,6,6,,
03.01.2008,15,,12,9,5,,3,5,2,,
04.01.2008,0,,16,6,4,,9,6,4,,
05.01.2008,3,,24,8,7,,5,15,,,
06.01.2008,5,,31,6,1,,8,9,1,,
07.01.2008,1,,16,6,7,,6,3,1,,
08.01.2008,,,21,14,6,,9,15,3,,
09.01.2008,1,,24,9,5,,9,12,4,,
10.01.2008,2,,23,12,10,,9,9,4,,
11.01.2008,5,,26,17,4,,6,9,6,,
12.01.2008,6,,28,13,11,,23,3,10,,
13.01.2008,1,,27,9,6,,20,9,2,,
14.01.2008,,,24,8,13,,9,7,4,,
15.01.2008,6,,20,10,10,,2,4,1,,
16.01.2008,3,,18,22,12,,3,9,8,,
17.01.2008,3,,18,8,2,,1,6,3,,
18.01.2008,5,,29,3,3,,,14,9,,
19.01.2008,5,,35,11,9,,,22,2,,
20.01.2008,5,,29,8,8,,,3,7,,
21.01.2008,1,,26,5,5,,,5,4,,
22.01.2008,2,,32,5,7,,0,5,4,,
23.01.2008,1,,21,6,13,,0,7,1,,
24.01.2008,4,,18,11,9,,9,11,5,,
25.01.2008,1,,23,7,8,,9,11,8,,
26.01.2008,4,,46,20,11,0,17,11,3,,
27.01.2008,5,,36,5,7,12,19,6,3,,
28.01.2008,,,22,8,1,3,4,8,4,,
29.01.2008,2,,18,6,7,,2,19,9,,
30.01.2008,3,,29,7,5,,6,0,5,,
31.01.2008,2,,30,6,6,,10,13,4,,
01.02.2008,1,,19,11,4,,19,23,13,,
02.02.2008,4,,32,11,13,,20,20,6,,
03.02.2008,2,,39,7,6,,13,6,8,,
04.02.2008,2,,33,7,7,,14,8,2,,
05.02.2008,2,,29,16,9,,8,9,6,,
06.02.2008,,,22,6,2,,8,6,3,,
07.02.2008,22,,28,19,8,,6,4,9,,
08.02.2008,4,,26,1,4,,11,,3,,
09.02.2008,4,0,40,13,2,0,10,0,9,,
10.02.2008,2,16,43,14,2,8,11,8,3,,
11.02.2008,5,4,31,8,6,10,16,5,1,,
12.02.2008,1,6,21,8,5,2,14,4,1,,
13.02.2008,13,6,17,7,7,,21,1,3,,
14.02.2008,,1,17,9,7,,7,5,8,,
15.02.2008,4,2,38,6,5,,12,5,1,,
16.02.2008,5,15,41,10,2,,29,6,4,,
17.02.2008,6,0,34,11,5,,18,5,5,,
18.02.2008,2,2,29,8,6,,15,10,5,,
19.02.2008,4,7,27,8,3,0,10,7,8,,
20.02.2008,1,7,26,11,6,,13,2,2,,
21.02.2008,5,5,30,8,4,,10,11,1,,
22.02.2008,1,3,37,17,7,,10,8,1,,
23.02.2008,2,5,22,16,12,0,23,15,7,,
24.02.2008,6,7,34,8,4,3,15,6,6,,
25.02.2008,5,,31,4,9,12,10,8,4,,
26.02.2008,4,3,25,10,2,5,8,2,3,,
27.02.2008,1,3,27,13,7,14,15,6,6,,
28.02.2008,,2,22,5,4,3,15,5,2,,
29.02.2008,5,1,17,7,8,3,8,6,7,,
01.03.2008,1,20,25,19,17,0,14,8,4,,
02.03.2008,9,7,29,13,14,4,6,5,5,,
03.03.2008,,4,27,20,11,6,5,16,6,,
04.03.2008,3,,16,13,6,8,5,6,2,,
05.03.2008,4,2,23,11,2,4,2,4,1,,
06.03.2008,1,0,32,5,6,6,9,6,1,,
07.03.2008,2,7,36,7,8,6,13,7,3,,
08.03.2008,1,5,17,6,4,4,6,1,,,
09.03.2008,2,11,34,3,6,3,6,5,8,,
10.03.2008,3,0,37,5,6,8,18,18,3,,
11.03.2008,4,,28,5,12,5,13,2,,,
12.03.2008,,2,30,12,6,4,8,23,5,,
13.03.2008,,5,25,8,5,7,10,2,1,,
14.03.2008,5,7,40,9,12,12,8,8,5,,
15.03.2008,,14,40,27,7,7,13,9,8,,
16.03.2008,,6,26,17,5,7,14,22,9,,
17.03.2008,,7,29,10,7,7,8,3,,,
18.03.2008,,5,33,11,4,6,11,1,3,,
19.03.2008,,0,26,11,6,10,11,8,6,,
20.03.2008,,2,31,10,7,5,14,9,1,,
21.03.2008,,3,45,13,5,1,10,5,2,,
22.03.2008,,6,51,9,12,0,11,7,4,,
23.03.2008,,5,38,11,5,6,6,6,3,,
24.03.2008,,,18,3,2,5,8,14,2,,
25.03.2008,,5,26,12,6,7,6,5,2,,
26.03.2008,0,0,30,10,7,4,5,4,,,
27.03.2008,1,4,17,10,5,5,12,12,7,,
28.03.2008,3,1,35,1,5,2,6,7,3,,
29.03.2008,2,1,32,17,10,9,13,9,0,,
30.03.2008,,2,38,10,5,5,12,9,3,,
31.03.2008,2,,23,10,4,10,10,12,2,,
01.04.2008,2,,17,9,9,8,7,11,3,,
02.04.2008,1,3,29,2,0,7,18,,4,,
03.04.2008,3,3,26,20,7,7,7,9,2,,
04.04.2008,5,17,37,9,6,5,9,1,4,,
05.04.2008,,11,52,8,9,5,10,4,4,,
06.04.2008,1,11,44,21,8,8,7,4,5,,
07.04.2008,,10,26,7,7,3,3,14,2,,
08.04.2008,0,2,25,9,4,5,6,9,1,,
09.04.2008,3,1,34,6,5,2,4,5,1,,
10.04.2008,4,7,53,10,7,5,5,6,1,,
11.04.2008,6,5,37,13,12,6,16,1,1,,
12.04.2008,3,3,62,12,18,2,10,4,5,,
13.04.2008,7,5,35,16,10,1,9,9,,,
14.04.2008,6,8,27,9,5,2,6,13,3,,
15.04.2008,1,3,31,20,5,4,9,4,,,
16.04.2008,5,12,22,7,6,7,5,3,,,
17.04.2008,,7,29,12,5,9,4,4,,,
18.04.2008,5,7,27,14,7,8,4,3,4,,
19.04.2008,9,5,47,13,5,6,9,6,1,,
20.04.2008,2,4,32,17,9,3,8,5,1,,
21.04.2008,4,21,22,10,6,6,9,2,,,
22.04.2008,3,9,31,4,5,7,10,7,2,,
23.04.2008,2,14,22,13,8,5,4,3,5,,
24.04.2008,4,13,15,8,4,5,2,9,,,
25.04.2008,4,9,31,2,4,7,6,4,1,,
26.04.2008,2,20,39,17,5,5,17,9,3,,
27.04.2008,1,6,11,2,2,2,4,5,2,,
28.04.2008,4,0,22,9,4,2,5,4,5,,
29.04.2008,6,5,23,8,6,15,12,2,2,,
30.04.2008,2,8,41,4,3,2,20,6,,,
01.05.2008,0,12,44,12,4,5,11,5,,,
02.05.2008,11,5,29,7,6,4,2,8,3,,
03.05.2008,2,2,42,6,4,5,6,3,2,,
04.05.2008,4,9,20,5,,3,11,9,,,
05.05.2008,2,4,19,4,2,3,13,10,,,
06.05.2008,8,5,28,7,6,2,13,6,,,
07.05.2008,2,18,28,13,2,3,1,1,,,
08.05.2008,6,10,34,12,6,6,15,7,,,
09.05.2008,2,19,20,5,6,10,6,2,,,
10.05.2008,3,9,23,8,3,3,2,15,,,
11.05.2008,2,9,43,17,3,5,13,1,,,
12.05.2008,1,6,44,6,4,3,3,5,,,
13.05.2008,3,7,18,2,7,4,6,5,,,
14.05.2008,6,17,19,8,6,4,12,2,,,
15.05.2008,2,16,19,3,7,5,6,3,,,
16.05.2008,1,14,30,12,6,10,13,2,,,
17.05.2008,7,14,37,4,1,11,10,12,,,
18.05.2008,2,5,37,8,5,9,5,3,,,
19.05.2008,8,4,20,3,3,3,10,4,,,
20.05.2008,4,3,24,12,5,2,6,7,,,
21.05.2008,2,6,27,10,3,4,12,7,,,
22.05.2008,3,3,35,12,,5,5,5,,,
23.05.2008,6,8,40,17,5,15,16,2,,,
24.05.2008,2,11,26,4,4,5,19,8,,,
25.05.2008,3,7,45,9,5,8,15,6,,,
26.05.2008,5,3,34,9,3,10,6,4,,,
27.05.2008,4,1,17,8,3,16,12,2,,,
28.05.2008,2,3,19,12,3,5,13,3,,,
29.05.2008,6,2,17,6,4,10,5,19,,,
30.05.2008,5,12,26,10,3,3,16,11,,,
31.05.2008,1,10,18,11,5,10,13,8,,,
01.06.2008,1,8,29,9,2,5,10,6,,,
02.06.2008,1,2,29,,5,3,13,5,,,
03.06.2008,4,8,29,12,3,3,8,5,,,
04.06.2008,,4,20,5,1,3,12,5,,,
05.06.2008,6,20,36,12,2,3,8,8,,,
06.06.2008,3,6,32,9,6,7,6,5,,,
07.06.2008,4,16,40,7,4,13,5,7,,,
08.06.2008,,3,27,7,8,8,4,10,,,
09.06.2008,4,11,23,10,4,6,2,8,,,
10.06.2008,5,0,25,14,1,14,7,19,,,
11.06.2008,6,6,22,10,7,8,12,7,,,
12.06.2008,7,9,20,20,1,12,18,14,,,
13.06.2008,4,4,29,5,7,9,5,9,,,
14.06.2008,4,11,31,8,11,7,5,6,,,
15.06.2008,2,2,30,7,6,7,8,7,,,
16.06.2008,1,9,24,4,1,5,3,4,,,
17.06.2008,,13,20,4,9,1,4,4,,,
18.06.2008,1,15,14,2,3,5,6,3,0,,
19.06.2008,4,9,19,3,3,0,3,3,,,
20.06.2008,1,15,22,2,2,5,21,3,,,
21.06.2008,6,31,22,4,2,5,12,15,,,
22.06.2008,2,12,15,2,5,3,2,2,,,
23.06.2008,1,4,15,5,1,4,1,1,,,
24.06.2008,,14,31,3,1,7,2,9,,,
25.06.2008,3,15,16,,1,6,2,7,,,
26.06.2008,,5,21,4,1,3,4,2,,,
27.06.2008,7,12,17,5,5,4,2,13,,,
28.06.2008,4,2,18,5,1,2,5,6,,,
29.06.2008,4,4,26,9,5,5,6,10,,,
30.06.2008,3,1,22,2,6,7,3,8,,,
01.07.2008,4,,19,,2,7,2,12,,,
02.07.2008,3,8,22,2,6,2,4,11,,,
03.07.2008,3,7,18,,4,4,12,6,,,
04.07.2008,2,11,16,6,10,2,1,18,,,
05.07.2008,5,,17,7,,5,11,3,,,
06.07.2008,4,6,19,13,6,4,2,15,,,
07.07.2008,3,3,32,2,4,3,12,8,,,
08.07.2008,8,5,26,8,,6,4,15,,,
09.07.2008,2,9,21,3,,5,4,23,,,
10.07.2008,2,9,19,3,2,8,4,18,,,
11.07.2008,6,10,16,4,3,5,4,7,,,
12.07.2008,0,4,27,6,7,5,4,4,,,
13.07.2008,2,4,30,4,1,5,3,8,,,
14.07.2008,3,11,23,7,5,7,2,8,,,
15.07.2008,8,1,24,4,1,1,,0,,,
16.07.2008,1,4,17,4,1,4,7,9,,,
17.07.2008,4,17,19,10,2,4,2,7,,,
18.07.2008,3,6,16,8,6,3,3,16,,,
19.07.2008,3,16,16,13,3,12,2,1,,,
20.07.2008,9,2,22,2,4,,2,10,,,
21.07.2008,1,2,25,3,7,9,1,7,,,
22.07.2008,13,7,14,2,,5,,7,,,
23.07.2008,3,1,18,4,1,5,3,13,,,
24.07.2008,8,12,19,4,2,5,2,10,,,
25.07.2008,6,15,23,6,4,,,13,,,
26.07.2008,1,14,25,9,5,4,3,3,,,
27.07.2008,3,10,16,10,3,5,6,8,,,
28.07.2008,8,5,12,5,1,1,3,3,,,
29.07.2008,0,17,13,8,5,6,2,2,,,
30.07.2008,3,8,13,8,,1,2,5,,,
31.07.2008,2,12,21,1,3,4,2,11,,,
01.08.2008,5,9,31,1,2,2,5,8,,,
02.08.2008,4,8,18,9,5,,6,3,,,
03.08.2008,4,13,22,4,1,7,2,,,,
04.08.2008,5,4,11,1,2,1,4,,,,
05.08.2008,2,6,13,12,1,2,3,,,,
06.08.2008,7,4,19,6,7,1,5,,,,
07.08.2008,4,8,18,9,3,4,6,,,,
08.08.2008,,13,22,3,6,9,3,,,,
09.08.2008,2,11,13,4,4,9,1,,,,
10.08.2008,2,1,21,3,1,2,3,,,,
11.08.2008,1,,20,3,2,2,2,,,,
12.08.2008,,1,8,9,,3,6,,,,
13.08.2008,3,10,16,7,3,3,4,,,,
14.08.2008,5,2,16,16,,1,17,,,,
15.08.2008,6,19,16,6,3,1,,,,,
16.08.2008,5,4,17,0,6,9,5,,,,
17.08.2008,4,10,19,11,,6,3,,,,
18.08.2008,1,6,16,10,3,4,2,0,,,
19.08.2008,3,3,25,8,1,7,1,9,,,
20.08.2008,0,5,24,14,,14,3,5,,,
21.08.2008,1,10,16,1,,,2,3,,,
22.08.2008,5,2,21,,,2,8,4,,,
23.08.2008,3,3,28,0,0,2,3,3,,,
24.08.2008,8,10,18,18,6,1,13,1,,,
25.08.2008,0,,28,4,7,3,,4,,,
26.08.2008,4,4,20,6,5,12,1,,,,
27.08.2008,6,8,15,7,7,3,4,0,,,
28.08.2008,4,7,31,20,15,9,5,8,,,
29.08.2008,5,16,14,14,7,5,2,7,,,
30.08.2008,,5,21,12,3,12,9,4,,,
31.08.2008,8,11,25,15,16,8,7,5,,,
01.09.2008,1,2,23,9,9,8,10,1,,,
02.09.2008,11,5,18,18,,9,3,12,,,
03.09.2008,1,4,28,15,,8,5,5,,,
04.09.2008,4,1,13,16,,8,2,11,,,
05.09.2008,2,7,30,,,4,7,6,,,
06.09.2008,7,5,31,0,0,4,6,8,,,
07.09.2008,2,5,35,19,3,9,7,4,,,
08.09.2008,10,4,11,16,6,4,5,4,,,
09.09.2008,5,5,26,7,7,7,2,9,,,
10.09.2008,2,1,24,4,6,4,3,4,,,
11.09.2008,2,,24,17,8,9,8,9,,,
12.09.2008,,8,17,7,1,8,3,2,,,
13.09.2008,6,8,23,9,10,14,3,2,,,
14.09.2008,3,,33,19,13,15,5,5,,,
15.09.2008,2,,17,11,9,3,3,2,,,
16.09.2008,3,6,38,13,2,7,3,7,,,
17.09.2008,3,1,8,10,4,4,7,6,,,
18.09.2008,9,2,13,1,5,2,13,3,,,
19.09.2008,5,5,23,5,1,6,3,8,,,
20.09.2008,5,3,28,12,7,8,4,4,,,
21.09.2008,4,7,24,15,7,5,5,7,,,
22.09.2008,2,5,11,16,2,6,4,3,,,
23.09.2008,6,4,11,8,10,10,3,8,,,
24.09.2008,1,0,22,7,9,7,4,8,,,
25.09.2008,5,,21,11,6,7,3,2,,,
26.09.2008,,8,14,5,6,6,5,1,,,
27.09.2008,6,1,18,5,13,3,4,1,,,
28.09.2008,5,5,27,6,11,8,1,8,,,
29.09.2008,5,,16,3,3,4,5,3,,,
30.09.2008,4,3,10,2,6,12,3,6,,,
01.10.2008,1,,11,10,3,5,1,2,,,
02.10.2008,1,0,22,8,3,8,6,2,,,
03.10.2008,4,4,27,6,4,7,2,3,,,
04.10.2008,2,8,23,9,11,7,6,9,,,
05.10.2008,8,1,17,3,9,8,3,2,,,
06.10.2008,4,2,19,0,,5,5,3,,,
07.10.2008,9,1,19,5,4,8,,1,,,
08.10.2008,2,1,18,1,3,6,3,7,,,
09.10.2008,3,,24,23,7,7,20,4,,,
10.10.2008,3,12,15,9,6,8,5,7,,,
11.10.2008,3,3,17,3,1,7,3,3,,,
12.10.2008,4,9,24,8,4,10,5,,,,
13.10.2008,2,3,20,14,7,3,2,2,,,
14.10.2008,1,4,20,9,12,5,4,2,,,
15.10.2008,2,15,25,9,12,4,5,7,,,
16.10.2008,3,,19,7,2,3,5,1,,,
17.10.2008,4,,16,8,7,17,5,1,,,
18.10.2008,8,12,36,15,6,11,7,3,,,
19.10.2008,2,6,33,13,10,7,13,3,,,
20.10.2008,1,,16,0,6,2,4,21,,,
21.10.2008,3,3,21,7,4,8,3,2,,,
22.10.2008,5,7,17,9,6,5,6,6,,,
23.10.2008,,16,14,6,6,8,4,3,,,
24.10.2008,0,11,14,3,5,6,6,5,,,
25.10.2008,4,4,27,9,6,7,6,4,,,
26.10.2008,5,1,26,10,5,5,9,1,,,
27.10.2008,2,,8,6,10,5,4,4,,,
28.10.2008,2,9,7,7,3,5,,4,,,
29.10.2008,6,2,22,12,3,5,2,3,,,
30.10.2008,1,0,15,4,2,2,4,1,,,
31.10.2008,1,3,9,7,11,,5,4,,,
01.11.2008,4,8,18,5,4,8,4,3,,,
02.11.2008,5,4,22,16,11,2,6,2,,,
03.11.2008,2,,13,0,8,14,8,7,,,
04.11.2008,1,1,20,1,6,4,2,6,,,
05.11.2008,2,2,19,5,4,3,,6,,,
06.11.2008,7,,24,7,11,7,1,4,,,
07.11.2008,2,,12,1,4,8,2,,,,
08.11.2008,8,19,23,17,5,10,4,2,,,
09.11.2008,3,8,31,20,1,4,6,4,,,
10.11.2008,2,,19,4,2,11,4,5,,,
11.11.2008,5,1,17,3,4,1,1,3,,,
12.11.2008,3,14,12,5,3,5,6,2,,,
13.11.2008,1,0,18,12,4,1,1,,,,
14.11.2008,2,15,12,7,,6,6,3,,,
15.11.2008,2,13,40,1,,8,6,5,,,
16.11.2008,5,5,16,17,2,11,8,,,,
17.11.2008,4,3,12,4,4,4,3,4,,,
18.11.2008,1,4,15,3,2,,5,3,,,
19.11.2008,3,2,15,9,2,3,2,2,,,
20.11.2008,1,1,11,6,0,6,6,4,,,
21.11.2008,2,16,15,16,17,7,7,3,,,
22.11.2008,4,2,20,7,12,4,4,10,,,
23.11.2008,2,,33,6,4,5,4,4,,,
24.11.2008,1,4,13,7,3,11,5,1,,,
25.11.2008,,4,11,19,3,2,5,1,,,
26.11.2008,2,5,12,1,4,7,3,,,,
27.11.2008,3,1,18,6,1,4,2,,,,
28.11.2008,6,4,14,3,6,3,2,4,,,
29.11.2008,2,12,22,9,8,16,10,6,,,
30.11.2008,5,,26,10,,2,2,16,,,
01.12.2008,4,3,20,7,,5,5,3,,,
02.12.2008,2,,11,9,2,0,2,3,,,
03.12.2008,3,1,20,11,7,7,4,2,,,
04.12.2008,1,1,14,9,3,5,5,6,,,
05.12.2008,4,13,20,8,6,5,2,,,,
06.12.2008,3,10,24,19,4,8,9,3,,,
07.12.2008,3,10,25,6,11,6,5,1,,,
08.12.2008,2,2,7,10,5,2,9,4,,,
09.12.2008,2,8,7,13,8,6,2,7,,,
10.12.2008,1,10,16,15,14,10,9,1,,,
11.12.2008,6,2,9,9,10,7,7,5,,,
12.12.2008,6,0,27,15,5,4,4,4,,,
13.12.2008,6,4,29,18,4,7,8,,,,
14.12.2008,5,9,25,13,0,2,4,5,,,
15.12.2008,5,2,20,7,9,0,8,4,,,
16.12.2008,1,2,8,14,5,18,,3,,,
17.12.2008,5,,17,3,4,,3,2,,,
18.12.2008,2,3,13,10,4,3,3,3,,,
19.12.2008,6,16,18,7,7,6,4,2,,,
20.12.2008,10,3,16,11,13,11,5,8,,,
21.12.2008,7,1,25,6,1,3,4,8,,,
22.12.2008,7,9,12,9,1,5,3,4,,,
23.12.2008,5,7,7,8,4,2,4,1,,,
24.12.2008,4,11,9,12,8,9,5,2,,,
25.12.2008,1,3,12,4,2,7,6,4,,,
26.12.2008,6,7,11,13,5,3,3,8,,,
27.12.2008,5,6,23,18,6,6,5,3,,,
28.12.2008,7,9,21,9,,,9,5,,,
29.12.2008,3,8,14,7,,1,12,2,,,
30.12.2008,2,8,23,5,15,6,14,2,,,
31.12.2008,4,39,4,5,27,4,15,17,,,
01.01.2009,,,,,,,,,,,
02.01.2009,0,1,9,8,5,5,3,20,,,
03.01.2009,7,6,6,14,12,3,2,1,,,
04.01.2009,4,0,11,12,5,6,3,,,,
05.01.2009,7,7,9,20,10,5,2,14,,,
06.01.2009,2,1,15,13,1,4,8,5,,,
07.01.2009,1,3,8,12,2,2,7,5,,,
08.01.2009,7,7,4,17,7,8,7,2,,,
09.01.2009,2,,26,12,7,8,5,5,,,
10.01.2009,3,5,7,13,3,9,1,,,,
11.01.2009,5,,,15,2,2,13,,,,
12.01.2009,6,5,,13,9,2,5,2,,,
13.01.2009,2,3,,16,10,5,1,13,,,
14.01.2009,6,5,0,9,3,3,0,2,,,
15.01.2009,8,18,11,6,5,11,1,2,,,
16.01.2009,9,6,20,5,6,3,6,19,,,
17.01.2009,1,17,24,12,11,5,3,7,,,
18.01.2009,8,,17,5,8,11,6,7,,,
19.01.2009,2,,2,14,2,9,9,1,,,
20.01.2009,2,2,3,8,,4,5,10,,,
21.01.2009,3,2,,0,2,2,2,4,,,
22.01.2009,1,3,15,4,,3,9,14,,,
23.01.2009,6,6,8,13,6,5,6,14,,,
24.01.2009,3,15,,11,5,6,6,2,,,
25.01.2009,6,,21,20,12,3,7,11,,,
26.01.2009,16,59,99,79,40,47,61,62,,,
27.01.2009,,,,0,,,,,,,
28.01.2009,,,,,,,,,,,
29.01.2009,,,,,,,,,,,
30.01.2009,10,,40,0,,,,,,,
31.01.2009,,,,,,,,,,,
01.02.2009,,,,,,,,,,,
02.02.2009,,,,,,,,,,,
03.02.2009,,,,,,,,,,,
04.02.2009,,,,,,,,,,,
05.02.2009,,,,,,,,,,,
06.02.2009,,,,,,,,,,,
07.02.2009,,,,,,,,,,,
08.02.2009,,,,,,,,,,,
09.02.2009,,,,,,,,,,,
10.02.2009,,,,,,,,,,,
11.02.2009,,,,,,,,,,,
12.02.2009,,,,,,,,,,,
13.02.2009,,,,,,,,,,,
14.02.2009,,,,,,,,,,,
15.02.2009,,,,,,,,,,,
16.02.2009,,,,,,,,,,,
17.02.2009,,,,,,,,,,,
18.02.2009,,,,,,,,,,,
19.02.2009,,,,,,,,,,,
20.02.2009,,,,,,,,,,,
21.02.2009,,,,,,,,,,,
22.02.2009,,,,,,,,,,,
23.02.2009,,,,,,,,,,,
24.02.2009,,,,,,,,,,,
25.02.2009,,,,,,,,,,,
26.02.2009,,,,,,,,,,,
27.02.2009,,,,,,,,,,,
28.02.2009,,,,,,,,,,,
01.03.2009,,,,,,,,,,,
02.03.2009,,,,,,,,,,,